timesteps,episode_reward,episode_length
6,-8.089787,6
12,-3.56284,6
14,10.01826,2
20,-5.415387,6
26,-4.996456,6
32,-4.281808,6
