{
  "run_count": 3,
  "all_success_rate_mean": 1.0,
  "all_reward_mean": 10.047263458918765,
  "ppo_mean_bandwidth_mhz_mean": 45.441758498236624,
  "ppo_mean_return_loss_db_mean": 31.992029063268777,
  "heuristic_success_rate_mean": 0.9166666666666666,
  "ppo_minus_heuristic_success_mean": 0.08333333333333337,
  "ppo_minus_heuristic_solve_count_mean": 0.16666666666666674,
  "runs": [
    {
      "run_name": "filter_example_one_formal_ppo_v3",
      "episodes": 12,
      "success_rate": 1.0,
      "mean_steps": 1.0,
      "mean_episode_reward": 10.041170540306043,
      "timesteps": 256,
      "episode_records": 61,
      "ppo_mean_center_freq_mhz": 905.8333333333334,
      "ppo_mean_bandwidth_mhz": 45.060596526068075,
      "ppo_mean_return_loss_db": 32.773367518439265,
      "ppo_mean_insertion_loss_db": 1.0833298106886782,
      "ppo_mean_solve_count": 2.0,
      "ppo_mean_elapsed_total_seconds": 135.64159296666426,
      "heuristic_success_rate": 0.9166666666666666,
      "heuristic_mean_solve_count": 1.8333333333333333,
      "heuristic_mean_bandwidth_mhz": 48.28616502319729,
      "heuristic_mean_return_loss_db": 31.28428977982154,
      "no_tune_success_rate": 0.5833333333333334,
      "no_tune_mean_bandwidth_mhz": 50.10381984327254,
      "ppo_minus_heuristic_success": 0.08333333333333337,
      "ppo_minus_heuristic_solve_count": 0.16666666666666674
    },
    {
      "run_name": "filter_example_one_formal_ppo_v3_repeat_seed101",
      "episodes": 12,
      "success_rate": 1.0,
      "mean_steps": 1.0,
      "mean_episode_reward": 10.06054720963411,
      "timesteps": 256,
      "episode_records": 64,
      "ppo_mean_center_freq_mhz": 906.4166666666666,
      "ppo_mean_bandwidth_mhz": 45.136929770688056,
      "ppo_mean_return_loss_db": 33.15788407195301,
      "ppo_mean_insertion_loss_db": 1.081702990335276,
      "ppo_mean_solve_count": 2.0,
      "ppo_mean_elapsed_total_seconds": 135.97781019165026,
      "heuristic_success_rate": 0.9166666666666666,
      "heuristic_mean_solve_count": 1.8333333333333333,
      "heuristic_mean_bandwidth_mhz": 48.28616502319729,
      "heuristic_mean_return_loss_db": 31.28428977982154,
      "no_tune_success_rate": 0.5833333333333334,
      "no_tune_mean_bandwidth_mhz": 50.10381984327254,
      "ppo_minus_heuristic_success": 0.08333333333333337,
      "ppo_minus_heuristic_solve_count": 0.16666666666666674
    },
    {
      "run_name": "filter_example_one_formal_ppo_v3_repeat_seed202",
      "episodes": 12,
      "success_rate": 1.0,
      "mean_steps": 1.0,
      "mean_episode_reward": 10.040072626816142,
      "timesteps": 256,
      "episode_records": 65,
      "ppo_mean_center_freq_mhz": 906.75,
      "ppo_mean_bandwidth_mhz": 46.12774919795373,
      "ppo_mean_return_loss_db": 30.044835599414057,
      "ppo_mean_insertion_loss_db": 1.0740729454813251,
      "ppo_mean_solve_count": 2.0,
      "ppo_mean_elapsed_total_seconds": 136.0219187499703,
      "heuristic_success_rate": 0.9166666666666666,
      "heuristic_mean_solve_count": 1.8333333333333333,
      "heuristic_mean_bandwidth_mhz": 48.28616502319729,
      "heuristic_mean_return_loss_db": 31.28428977982154,
      "no_tune_success_rate": 0.5833333333333334,
      "no_tune_mean_bandwidth_mhz": 50.10381984327254,
      "ppo_minus_heuristic_success": 0.08333333333333337,
      "ppo_minus_heuristic_solve_count": 0.16666666666666674
    }
  ]
}