{
  "source_path": "models/reference_runs/lowcost_anchor_adj_1p15/filter_example_one_reference_step_eval_0p10.s2p",
  "metrics": {
    "main_peak_freq_hz": 906000000.0,
    "main_peak_freq_ghz": 0.906,
    "main_peak_s21_db": -1.050816464291631,
    "main_peak_s11_db": -23.413991258577155,
    "best_s11_freq_hz": 919000000.0,
    "best_s11_freq_ghz": 0.919,
    "best_s11_db": -32.58807032134227,
    "passband_left_freq_hz": 880565355.6257536,
    "passband_left_freq_ghz": 0.8805653556257537,
    "passband_right_freq_hz": 929215719.3256308,
    "passband_right_freq_ghz": 0.9292157193256307,
    "bandwidth_3db_hz": 48650363.69987714,
    "bandwidth_3db_mhz": 48.65036369987714,
    "high_side_zero_freq_hz": 942000000.0,
    "high_side_zero_freq_ghz": 0.942,
    "high_side_zero_s21_db": -28.07326377680326
  },
  "target": {
    "name": "Filter Example One",
    "center_freq_hz": {
      "target": 905000000.0,
      "tolerance": 5000000.0
    },
    "bandwidth_hz": {
      "target": 40000000.0,
      "tolerance": 10000000.0
    },
    "high_side_zero_freq_hz": {
      "target": 950000000.0,
      "tolerance": 50000000.0
    },
    "max_insertion_loss_db": 2.0,
    "min_return_loss_db": 15.0,
    "min_high_side_zero_depth_db": 20.0
  },
  "errors": {
    "center_freq_error_hz": 1000000.0,
    "bandwidth_error_hz": 8650363.699877143,
    "high_side_zero_freq_error_hz": -8000000.0,
    "insertion_loss_error_db": -0.9491835357083691,
    "return_loss_error_db": -17.588070321342272,
    "high_side_zero_depth_error_db": -8.073263776803259,
    "success": true
  },
  "target_satisfied": true,
  "output_path": "models/reference_runs/lowcost_anchor_adj_1p15/metrics.json"
}
